total_length,duration,avg_speed,bbox_width,bbox_height,mean_radius,std_radius,min_radius,max_radius,direction_changes,user,password
588.6440410262417,1075.0,0.5475758521174341,143.41239657180225,139.32093054376827,64.63451887872999,4.908189984629369,55.98627086673462,75.74282094484954,57,user1,1234
623.0389020462052,1055.0,0.5905582009916637,141.01411645558554,141.38339081682224,65.44138154273153,5.3543275144681415,55.77388828307048,74.80223788129375,53,user1,1234
637.6140480868372,1067.0,0.5975764274478325,142.16184737563623,145.45094001975838,64.63390541609743,5.493185803278689,55.05761008668833,73.8473686309032,54,user1,1234
670.1048755760136,1078.0,0.621618622983315,144.01524968098937,139.5460388017297,65.40107445494486,5.470720871665884,55.43248708449968,74.83660330266311,53,user1,1234
578.9666403554622,1032.0,0.5610141863909518,140.10481353021763,140.76085037173232,65.40424540066961,5.210607279496044,55.49776309118797,75.00357697763629,52,user1,1234
611.212296827896,1076.0,0.5680411680556654,142.04949629518725,144.55130769865065,66.43219233883356,5.340891077752131,56.50356204920324,74.89573707906712,55,user1,1234
695.1248767185398,1063.0,0.6539274475244965,145.2752274758281,141.45295738671564,65.63149399745801,5.695537227726147,55.77293524855658,75.70789012963047,57,user1,1234
636.917454015559,1096.0,0.5811290638828093,139.50764672838275,140.89164822896987,65.54274070115082,5.375934990622915,56.58622733861844,76.2812886806967,58,user1,1234
602.8140709454268,1019.0,0.5915741618698988,138.49562402313592,143.45367071902575,66.19299995875703,4.859079752496745,57.3198448739162,74.26904096652754,57,user1,1234
598.3618404456138,1082.0,0.5530146399682198,143.57080195556213,140.7749993981016,66.01728733138285,4.876391447270451,56.039135414784894,74.25899540896584,53,user1,1234
580.5318561046083,1092.0,0.5316225788503739,143.6558702933743,141.9979852823979,64.78939183156143,4.939383809621056,55.19528990080587,74.33171834817081,55,user1,1234
624.2952976625468,1057.0,0.5906294206835826,140.79952634505312,146.26780411855276,66.29798718567004,4.74181944682148,57.575422792331665,76.01600842407161,56,user1,1234
769.3127478607918,1076.0,0.7149746727330779,182.24318797461268,180.40322999103935,84.909585144731,5.307187173177516,74.98564966884622,93.98890491410404,57,user2,1234
733.2165560873846,1083.0,0.6770235974952766,183.03591361425208,179.26022467643304,84.97005378384496,5.120109902628829,74.912474298395,94.92557375245538,56,user2,1234
753.7962873885061,1018.0,0.7404678658040336,179.20497632024575,176.0977632245545,83.84234187716683,5.387022486042554,73.84157230756469,94.82302985444606,52,user2,1234
750.0986362738105,1039.0,0.7219428645561218,180.61667441148808,185.62010138150416,84.40711280735655,5.592332148509252,73.36833828854682,94.71105683971209,52,user2,1234
750.245701565679,1025.0,0.7319470259177356,178.92052002086078,179.58540452714664,84.59946854611421,5.735087759128214,73.79205606893872,94.33600259696324,54,user2,1234
732.8646023939954,1040.0,0.7046775023019186,182.62200593502376,179.85962088041015,84.68646002518159,5.591611895822048,74.63386898697276,94.61721838115834,52,user2,1234
793.9303572332736,1078.0,0.7364845614408846,175.67049886759887,175.78833281715578,84.24818271495059,5.814757558409405,73.45326041209984,95.69153654208172,59,user2,1234
736.6210218184364,1029.0,0.7158610513298701,182.32312052166688,179.68074153757834,84.1404909160945,5.886882770449409,72.44239611843038,94.5173415456255,55,user2,1234
782.6439798539393,1003.0,0.7803030706420132,179.98144625127594,178.37621367167722,84.92882443286273,5.316546369877373,74.59388960388422,93.54417406041776,58,user2,1234
759.4677808237211,1093.0,0.694847008987851,183.25852157360688,183.2694075372515,84.31310324445992,5.731669974612487,73.82867438522192,94.2716543817908,56,user2,1234
769.0523790085923,1107.0,0.6947175962137239,176.07843845531332,187.000401812112,84.59241890429564,5.601332135979817,73.84882731103478,94.83279111501768,58,user2,1234
749.2756515011325,1059.0,0.7075313045336473,177.95332007955977,178.9182288443884,83.02576193354938,5.589501732074047,74.01267140162756,94.2426691236993,50,user2,1234
778.8723874484672,1054.0,0.7389681095336501,196.42794636474633,201.49434745589255,93.15573469595304,6.367878013547471,80.49292617820201,103.7009563045556,46,user3,1234
812.9140532468485,1078.0,0.7540946690601563,203.3617809405245,197.37181521415857,92.96901687948908,6.374335693447957,82.17582769034193,103.72663751607834,54,user3,1234
762.8474200939772,1073.0,0.7109482013923366,200.41804102266673,208.28426523182583,94.73001809601442,5.533569417966741,82.90490070460386,104.7619247654314,51,user3,1234
805.6014470673772,1094.0,0.7363815786721912,201.77424789927295,201.90016281113384,92.52625972635144,5.9613262355574,80.09615957962853,103.99563558750032,49,user3,1234
833.8481829736295,1006.0,0.8288749333733891,197.48112132589773,198.81382499778465,92.27130532057257,6.295882902700112,81.72729404488007,105.26828342807724,52,user3,1234
824.4236225792682,1108.0,0.7440646413170291,198.14907136989683,196.62536696245903,92.0113914778044,6.179195352996945,80.77847282940442,105.05654228871366,56,user3,1234
754.0168959673604,1042.0,0.72362466023739,194.1254458965488,197.59564525863632,91.74807315973476,5.612985164193687,81.60386267259459,104.32073126019978,48,user3,1234
737.6904374399443,1070.0,0.6894303153644339,203.06924338451313,195.77355772387224,92.64064940821366,5.453277022959818,82.5977829961263,103.62608693681052,50,user3,1234
837.0602885226286,1051.0,0.7964417588226723,199.73867358376592,194.2518632832694,92.07079199750817,6.200007239601132,80.39889958871899,104.06436242495704,50,user3,1234
832.6782805582762,1078.0,0.7724288316867126,198.51433495336067,200.88919055535771,93.11397398226865,5.902254482245236,81.31180608908734,103.43726406844256,59,user3,1234
851.4000834255276,1090.0,0.781100993968374,202.647883633082,198.62362946013425,92.64989788798567,6.047484347774869,81.75786089029263,104.22647926179434,54,user3,1234
823.9837888830641,1091.0,0.7552555351815436,196.86857822997,201.10699948923408,93.6863925969391,6.257371908941101,81.20046555552658,105.337117401339,53,user3,1234
897.0006349012607,1057.0,0.8486287936624983,227.28748560243255,220.01894587955897,105.39392531084776,6.635136386014803,93.92280991111674,118.57155141180482,49,user4,1234
869.993895136295,1042.0,0.8349269627027783,230.8428467593306,224.24758339187895,105.2872046485701,6.253338482159595,93.25346181441633,118.48238022406564,52,user4,1234
908.5053074694638,1076.0,0.8443357876110258,228.6011886657766,221.88179444969344,105.84482799019032,6.608819740663296,93.78820758498878,118.60119311018062,52,user4,1234
916.2452284151263,1072.0,0.85470636979023,227.37856760396173,230.93057521739175,105.7245932533168,6.818086388714756,92.99697461407676,117.6120357548138,54,user4,1234
903.2432727957548,1058.0,0.853727100941167,227.26671569409243,223.5920919494928,106.38488493063574,6.619318776644934,95.29410438866822,118.17464074471164,54,user4,1234
919.906472472064,1068.0,0.8613356483820825,224.13700937294792,229.87429063887097,106.16996273779296,6.95521117875286,93.1786800125918,116.6791874645741,48,user4,1234
908.2855893965004,1030.0,0.8818306693169906,225.8394548032606,226.75915965067065,104.78423441856098,6.692706399483741,94.50429184810784,117.77998049967768,56,user4,1234
924.2797490257668,1003.0,0.9215152034155202,222.4003263272193,223.78404940940536,105.82117046214074,6.851759461760931,94.03779468687604,118.08597724421756,54,user4,1234
895.6968829534624,1054.0,0.8498072893296607,228.16981666377515,226.831764741492,105.46876903217856,6.372043243730641,94.70587657327027,118.73889335305076,53,user4,1234
844.2978542588958,1122.0,0.7524936312467877,226.1753563159767,220.02120357853357,105.36571408964136,5.618702575540114,94.8613567475692,115.94012979194764,52,user4,1234
904.7090695555094,1032.0,0.8766560751506873,230.23324406574343,230.70001544289048,106.10703416690846,6.324799724403678,95.4061514520428,118.48174298157166,53,user4,1234
883.9086089098423,1014.0,0.8717047425146374,223.37787860400084,229.00450835634248,107.03031776610736,6.9412688711318635,92.57895589220736,117.76150315114285,48,user4,1234
626.7732614757978,1034.0,0.6061636958179862,168.20620605894243,167.77469992272026,79.66098624577145,3.906219182913509,71.723035683426,86.84360228454028,52,user5,1234
644.6168893167523,1048.0,0.6150924516381224,168.600232885419,172.13568317575624,78.62185810352806,4.32631191540831,71.57244391403815,86.7866795203827,48,user5,1234
654.3696876772061,1044.0,0.6267908885796993,169.97312452565058,170.56596231278027,79.57494575285637,4.318115546085183,70.81259653876386,86.8318643231592,55,user5,1234
637.7860942526246,1067.0,0.5977376703398544,167.23124968952786,160.5136901045566,78.90131175257645,4.433837630695619,70.4882280285743,86.85020900865089,45,user5,1234
635.8005651687465,1058.0,0.6009457137700818,168.01518483501587,167.5950057843287,79.56289787130686,3.868945897991877,71.14829068788681,87.10704603456408,51,user5,1234
656.0914793877434,1032.0,0.635747557546263,166.87706604651413,166.6125821350971,77.99959435715654,4.379426786946612,71.34345365068546,86.29395087420866,52,user5,1234
626.458413897405,1097.0,0.5710650992683728,170.6931634739587,163.95510586255185,78.75324409050701,4.042953047207803,71.21634212143819,86.58489349061696,54,user5,1234
606.5285811101314,1082.0,0.5605624594363506,167.92425895292666,168.44411927097013,79.29905837071243,3.6788278626842903,71.88611714241912,86.04583232194868,49,user5,1234
658.4623644325811,1102.0,0.5975157571983495,163.62896571018194,169.3496634081094,78.87704364379175,4.413278019094174,71.2643117678951,86.21000672144218,52,user5,1234
586.0302037047702,1023.0,0.5728545490760217,163.17629155986526,165.1085003685476,79.35828125815722,3.6230770789753097,71.7645515245463,85.71994414130114,49,user5,1234
620.607033269705,1095.0,0.566764413944936,169.8137182476781,165.6435338587826,78.57898113896734,4.301555692641896,72.12504219790021,86.13169111659717,47,user5,1234
622.6643877809908,1056.0,0.5896443066107867,169.75602894783032,167.3216583874853,78.52219492880562,4.019592056158983,71.45483641622634,86.36481049416935,45,user5,1234
1001.1755388436152,1041.0,0.9617440334712922,215.47529927609392,213.63725170630852,95.01910891577498,9.072621875022062,80.76759662008273,112.87303448920262,57,user6,1234
958.0456445821346,1051.0,0.9115562745786248,219.9494595313687,220.65785132718216,98.54287696706398,8.793010927548895,81.43032588178816,113.51817123381312,48,user6,1234
1029.5067861069374,1050.0,0.9804826534351784,219.49586790511032,207.3343721703728,96.302311472361,9.26927729133727,79.67315732609308,113.902771926249,55,user6,1234
1081.2448172314505,1070.0,1.0105091749826638,220.5462536146292,217.1948617875589,96.78443862907083,10.493284091873486,79.46884104762513,113.70016701646922,60,user6,1234
1060.4854677202566,1064.0,0.996696868158136,221.77918313443325,209.31957361263068,97.03331631777554,9.659786667396336,78.96557230250208,111.54768242454269,61,user6,1234
957.6826761645494,1076.0,0.8900396618629641,213.712427639676,224.07618759215947,97.334907445567,9.34528161072206,79.2365864016457,113.42489003413282,50,user6,1234
1032.7589412747482,1072.0,0.9633945347712204,209.05203952209143,214.00705308870332,97.71244785931182,8.891183764819619,82.06770697482277,113.2569629347582,59,user6,1234
1074.1791666850809,1038.0,1.0348546885212726,211.75043555467204,214.80020559233765,94.48582165825368,8.989306821696832,78.45723456163697,113.41062038652026,63,user6,1234
1004.5918199902578,1043.0,0.9631752828286269,215.3658578048683,217.4253765369854,98.7907908423144,8.01383911004177,82.45921387115764,114.71290632647089,59,user6,1234
1018.5033464434256,1035.0,0.9840612042931648,212.38611649539715,212.91503542780563,97.73267838265352,8.627939727847407,80.92924447912206,112.03372560882484,57,user6,1234
988.8231341745004,1055.0,0.937273112961612,211.87459858123452,220.5703051785815,96.27414529195671,8.433761159534335,80.11746046320721,111.3776168965577,58,user6,1234
1103.0881254908072,1079.0,1.0223244907236395,220.53858289938248,214.3107088888887,96.12925076413032,9.498967623992655,79.66794066738517,112.80131675356444,55,user6,1234
561.7761936388091,1001.0,0.5612149786601489,139.9242316314807,134.0573995245993,63.36741854861162,3.8797519653158985,56.46991915021972,70.98766592707587,52,user7,1234
530.806342803889,1058.0,0.5017073183401598,140.5799611835933,131.22580111456443,63.82148683597672,3.7679409785196194,56.33439025773856,71.35487709371222,54,user7,1234
548.4660140595728,1055.0,0.5198729991085997,137.9033730840276,135.75652614511097,64.60666077121594,3.586529301389621,57.05248427990476,70.98909353021209,59,user7,1234
544.6289918455118,1057.0,0.5152592165047415,138.64199735945795,138.22648848961245,64.04438596996074,3.6241562590428713,56.84521062940227,71.50348204498412,56,user7,1234
540.3479135080149,1068.0,0.5059437392397144,136.54727870949463,137.4855038466187,63.51247241591285,3.978716974739646,56.33492043463184,71.47001708515957,50,user7,1234
510.4819090912036,1066.0,0.4788760873275831,135.48027025797506,137.45620298459045,63.33430002974983,3.4899290553707005,56.85417844279573,70.51155204293737,53,user7,1234
519.1372621842087,1067.0,0.486539139816503,131.65692631298265,133.76135478588873,63.25746978211723,3.545691280790246,55.36808005904655,71.56685521332307,54,user7,1234
510.5179428494963,1088.0,0.46922605041314,137.01833292217478,136.35991188453244,64.15709909239065,3.3265078553475194,58.66890006821205,70.83938269509815,45,user7,1234
503.39694745290376,1064.0,0.4731174318166388,136.3922464349984,134.08357761181793,64.3916513009241,3.4390020468599993,55.76468253288685,70.47290110548181,48,user7,1234
517.9333251743017,1070.0,0.4840498366114968,135.0092647412303,136.07618643396603,64.19288337502776,3.635631863310766,57.05606662068087,70.47411402362938,53,user7,1234
512.6049219817208,1086.0,0.4720118986940339,137.0124243824972,134.51493978116977,63.600838548565285,4.1354483156508515,56.36017385550967,72.3803476248449,48,user7,1234
526.2030279271175,1069.0,0.492238566816761,139.40062171658937,135.04324861265303,64.33386909294356,3.5592363867201815,58.22841250638805,71.22413113619515,48,user7,1234
813.0125432470919,1111.0,0.7317844673691196,155.1534556234794,155.5687205552258,69.00029317878884,7.417932489266649,56.49102424410308,83.34668044860504,56,user8,1234
748.2687475532231,1020.0,0.7335968113266893,159.66881198502915,155.51077689573606,71.55405046392328,6.604570283937387,54.88992052587318,82.77972505479943,55,user8,1234
850.4660013489538,1049.0,0.8107397534308425,153.88938109193148,157.10838773075807,69.6115954017771,7.454470715056705,56.30169767555565,82.04627990495138,59,user8,1234
852.25800772535,1038.0,0.8210578109107418,159.49241859962035,160.6216310041977,69.83575467857732,8.101375927402726,56.68505073593318,83.91033134485555,58,user8,1234
763.322427066009,1107.0,0.6895414878645068,152.45782293382388,153.8185027175072,68.3657135792864,6.579068713636881,57.2110171641392,80.4726443119751,56,user8,1234
758.3141482670154,1091.0,0.6950633806297116,156.9691123983851,152.66030193435347,70.27634531731677,6.734299968240077,56.42413168382402,82.77976448255363,55,user8,1234
755.1383423005948,1046.0,0.7219295815493258,151.97529830102826,156.22655747833056,69.35769683422981,6.7851526013343335,55.97485257325715,81.25276495255429,55,user8,1234
773.5829176659256,1049.0,0.7374479672697098,154.97136736311313,153.83942538169234,69.39310635518063,7.653926841119415,54.91092638523801,81.15277303772207,60,user8,1234
743.8728335997349,1094.0,0.679956886288606,155.78643101313318,158.3259031138485,68.89988979624158,7.1778114747611514,57.29430975325321,82.06482871828375,57,user8,1234
738.3808393116674,1081.0,0.6830535053761956,156.33541973609175,149.71905442476535,68.3833327116611,7.320662303454253,54.20990119355841,82.30846408686924,54,user8,1234
743.657875497001,976.0,0.7619445445665993,158.50899679160932,157.32642280578708,70.24999486525662,6.774079898762101,57.089417343838576,81.66515492378937,53,user8,1234
824.15225959586,1115.0,0.7391500086061524,155.6688907587441,160.9414153719186,68.20581352360763,7.607709942384747,55.77349785488352,82.79545389551022,55,user8,1234
1168.412535456206,1079.0,1.0828661125636758,221.5227955288533,215.5119617786658,98.75316669364804,11.83663194967407,78.27294833582806,117.05387564068552,58,user9,1234
1070.3040219864424,1105.0,0.9686009248746084,229.19025704703895,232.53124859188767,100.47228823666228,10.287177952955116,79.18607726883698,119.16487149711796,44,user9,1234
1014.841972786351,1065.0,0.9529032608322544,219.78428315407203,226.2805774820947,99.12216774155743,10.2654724620431,81.34239339896692,115.56420904860552,52,user9,1234
1101.5566953346192,1076.0,1.0237515755897948,230.6306888257405,221.82434387532277,98.41977777487824,9.902859474343478,80.02338852788499,117.2685793676932,55,user9,1234
1028.6048596189446,1095.0,0.939365168601776,215.2199906579179,225.056218912708,99.68229761011538,9.967584120994694,78.65168796584511,116.44452714889074,49,user9,1234
1163.190768942418,1026.0,1.1337141997489455,219.7213058023958,227.87874065055283,99.83495839197366,9.887418568205469,80.39816780424144,117.82975233017405,58,user9,1234
1133.9487573201045,1056.0,1.0738151110985836,214.1651515745769,226.49906428823436,100.82313505446294,11.00297423507656,79.83205141443892,119.72188365403832,56,user9,1234
1185.3869017884113,1114.0,1.0640815994509976,224.02820082302804,226.7517455299204,98.206820883503,11.188295923427344,79.41155180378297,121.31303839118628,57,user9,1234
1186.8949959147528,1032.0,1.150092050304993,223.43719505511743,227.3790360004883,97.2227109525352,10.658372566893988,80.61462458636471,119.38315500917368,59,user9,1234
1080.7392279481635,1044.0,1.035190831367973,231.7370548583488,230.5471429814172,100.59671254293198,11.027061346715556,79.58500219911244,117.1848238774886,61,user9,1234
1102.503009591465,1064.0,1.0361870390897223,226.97466964081983,227.47354726059123,98.86309836417414,10.859778314389173,78.03691040580962,117.7106382117009,53,user9,1234
1111.2486242205646,1029.0,1.0799306357828615,223.8051491263794,222.71987373481153,99.40731057665752,9.563287694830994,80.96251140474405,116.18756962960906,63,user9,1234
1025.6183263433948,1099.0,0.933228686390714,215.1129543752145,221.788898695796,97.67455620762608,8.613288027299683,81.79865131982253,112.51858086162548,56,user10,1234
1038.0280877417372,1069.0,0.9710272102354884,217.9499138409587,218.26431614812668,97.96528911088735,9.00986293856382,82.18444956886272,113.85542888213531,55,user10,1234
1027.0631236863685,1032.0,0.99521620512245,219.6293472933321,217.53859027951955,97.68312830803929,8.831478197922367,82.19140585466737,113.17567358194876,58,user10,1234
1060.1104511741917,1082.0,0.9797693633772566,216.36725586736992,215.5595617117545,98.0596944011496,8.764202299863827,81.2510247250766,113.86075322402972,58,user10,1234
1060.3795278745083,1038.0,1.0215602388001046,211.40414258581563,213.93179872266225,98.55951286951232,8.929961051964149,80.91098617410327,112.54240680996313,56,user10,1234
1040.1621425967553,1065.0,0.9766780681659676,221.2352418578838,207.01170722684293,97.23392999794132,8.578560318649394,83.90481277694178,115.26216281765682,57,user10,1234
964.3912600784917,1057.0,0.912385298087504,219.5294771587363,211.94791637343383,98.16471483937104,8.667136653331772,81.03709939141609,113.73971928700088,58,user10,1234
1029.5929039669522,1121.0,0.9184593255726604,217.5771589899514,222.0620597821999,98.78086866462915,8.831083421443273,82.75218130533194,113.09911305994272,54,user10,1234
953.7910101637766,1074.0,0.8880735662604996,207.0722946229401,219.26155996736176,97.6149559198026,8.306883335807003,81.44986515857006,114.40798215208036,50,user10,1234
998.5366621103946,1061.0,0.9411278624980156,214.19379232061976,218.58940982278605,96.63378698003936,8.42148016719034,83.2522634185112,113.3422527613929,56,user10,1234
1017.7469225723036,1088.0,0.9354291567760143,214.16071486527025,216.28788189663732,97.78734374716996,8.170976702483253,83.02453862848442,113.69804922161526,53,user10,1234
955.4798224459734,1058.0,0.9031000212154756,217.24978298818849,218.1431097452433,96.61540254496263,8.615864796330165,82.80571258964252,113.25552668997504,52,user10,1234
1161.6803899290512,1041.0,1.1159273678473114,232.51938550791695,227.0213908886986,103.60097419143412,10.285798749456063,85.18772050866009,119.98686801737588,60,user11,1234
1146.2194991818972,1023.0,1.1204491683107498,220.61428364984545,227.02585098205716,102.36799891066632,9.808217640550282,85.58903021139596,120.0798061751556,60,user11,1234
1240.856477119601,1031.0,1.203546534548595,237.90705189460277,234.771112450813,103.52935308626768,10.917313992423658,86.11165230692342,120.3715209829958,58,user11,1234
1085.1252631128934,1010.0,1.0743814486266272,229.24219696634992,235.18210339718487,104.37755271766056,10.692957075853403,86.12777841132711,120.62640586772598,57,user11,1234
1099.6421310946666,1056.0,1.0413277756578283,228.10306198849293,234.06663614598892,101.59785383195184,9.926387804314398,85.01832044678926,120.29437729689118,58,user11,1234
1111.8066353236434,1044.0,1.06494888440962,233.3305965755251,229.81602401544563,103.6296838798145,8.79717534230802,86.56678153081869,120.50988001109916,57,user11,1234
1029.6059629933795,1130.0,0.9111557194631678,231.88227900452827,231.86532718978947,103.15501426624542,8.616523728244804,87.69849069015983,119.61795827644674,57,user11,1234
1099.7132538227129,1049.0,1.0483443792399552,224.03666428284745,227.89750237774192,104.9925665935774,9.855502547312875,86.87018073075942,121.82277292425384,53,user11,1234
1063.8644619793013,1063.0,1.0008132285788347,227.40449215283735,230.51025690309712,104.09677106899534,9.478192923892408,85.62630520581881,119.98198190689097,53,user11,1234
1192.6198753100143,1056.0,1.129374881922362,233.95068698317277,236.4283855855088,104.71732811174432,10.205511389480671,85.33450014526612,120.18907879961137,59,user11,1234
1060.928242959471,1052.0,1.0084869229652766,235.42021512910927,228.70449369152388,103.33734595025176,9.59078003102682,86.32921893686442,119.77242437014284,53,user11,1234
1001.045429631755,1032.0,0.9700052612710804,221.67106438419464,223.1866491216133,103.95394134065046,9.26859693039808,86.67547129892982,120.59688027781556,51,user11,1234
562.3498466989945,1025.0,0.5486339967795069,140.18482294903922,136.54157951153323,65.68479361264633,4.126428771676847,58.101915047111326,73.09444083909473,55,user12,1234
551.0376549543038,1093.0,0.5041515598849989,145.15363089237962,141.23414996446638,65.80972921862745,4.425359230478071,57.41869149810575,73.1116453707282,46,user12,1234
568.1858912669977,1074.0,0.5290371427067018,142.13246365869634,143.12877174984345,66.49675646576809,4.81225595209456,57.66420273676221,74.07537744203347,53,user12,1234
592.1221481858098,1052.0,0.5628537530283363,146.21584378344528,140.63411520470373,65.37283763099018,4.638190223487616,58.39478445542226,74.75006242876603,54,user12,1234
584.633196115446,1037.0,0.5637735738818187,142.68463194422554,141.90461545955134,65.59008655892059,4.7734469458183,56.80739329281327,74.48142711986439,53,user12,1234
540.5375601720881,1096.0,0.4931912045365767,144.23150219773984,137.13612444940804,65.25497751411905,4.154582322219245,57.59466258804054,73.79940870816661,45,user12,1234
586.674798670698,1032.0,0.56848333204525,141.69299718284228,145.61009361743484,65.58550652119992,4.931995260669066,58.40730707396867,74.06239963546548,54,user12,1234
572.9491482499011,1063.0,0.5389926135935099,142.27941072967022,134.32479740074035,65.37126212311371,4.671917451286542,58.01935528726881,73.80217774906413,46,user12,1234
584.5403301757825,1084.0,0.5392438470256297,138.1255039435716,138.17591162718395,64.83075887870196,4.398469029008337,57.01510746792177,73.5803176229954,54,user12,1234
564.8763979398582,1103.0,0.5121272873434798,139.00272079520522,138.14547915967898,65.99777842952108,4.365424979635493,58.48718096586237,73.46881248736334,53,user12,1234
554.0128203566525,1097.0,0.5050253603980424,141.01281986971102,141.90600049781887,65.63515506134134,4.1160832305148904,57.51284821573609,73.92462220560961,51,user12,1234
561.8736177799784,1021.0,0.5503169615866585,138.11909607101038,140.69412026934714,65.43351864465298,4.327924793529792,57.549982926995035,73.9512486272553,52,user12,1234
578.7851982609224,1060.0,0.5460237719442663,140.81574620221147,139.52576582532373,64.33838538757568,4.675734661901882,54.95327138166044,72.50856400041312,55,user13,1234
551.2625403167625,1050.0,0.5250119431588215,139.2504584551492,140.1638138899475,65.21371204842718,4.219732293895492,54.86518100914014,74.6861290422229,61,user13,1234
577.211147448064,1064.0,0.542491679932391,135.05175955716123,141.84694038809363,64.98647261822555,4.71167197964418,54.426493738968944,74.63709133144725,53,user13,1234
565.7249622838423,1070.0,0.5287149180222825,141.34962775992477,136.99638290999042,64.63970617763408,4.330177355783024,55.70784647428204,72.16085874921941,58,user13,1234
569.6162635971243,1054.0,0.5404328876633058,134.7686183509875,136.49689914372357,64.5583096515615,4.553834902155948,55.158423128114286,72.14251836418516,57,user13,1234
589.5366204676641,1046.0,0.5636105358199466,134.0748193547255,143.43758465113922,64.74923990080832,4.0966294997020825,57.09297867397921,74.10823653023897,56,user13,1234
581.2512948752322,1048.0,0.5546290981633896,138.62847976814834,144.95233716120674,65.11899037554605,4.297276107269751,55.85740778638699,73.81680596710724,55,user13,1234
611.8054042721426,1084.0,0.5643961294023455,141.82305586087895,142.23996969001905,64.36839198653733,4.880290185962556,55.349603225720735,74.88900680328594,58,user13,1234
593.969480917637,1077.0,0.5515036963023556,137.755087693779,143.194587447502,64.87119545212873,4.378773060853715,56.34743969993416,73.50413881848165,61,user13,1234
582.8179192908963,1040.0,0.5604018454720157,138.13282621076203,135.1505773824173,64.15777549321238,4.599633297491805,54.60854868251607,74.19763455734989,49,user13,1234
596.2436712370121,1092.0,0.5460106879459817,137.620883453191,139.13112970031736,64.94276040555886,4.104003817427922,57.85458981976366,73.63938065215359,57,user13,1234
579.2303025200569,1107.0,0.5232432723758418,139.39082891468547,142.12108118374712,64.38934127519843,4.5741136912,55.05422229676779,73.55521820765414,56,user13,1234
713.340846416716,1067.0,0.6685481222274752,135.8113460949793,145.46382718355875,65.457913357907,7.000514673427907,55.16425999317933,78.9276787905212,57,user14,1234
723.7400828117286,1027.0,0.7047128362334261,151.59588312664522,153.22931201918647,65.36950480557121,6.194121705023221,53.51135933085742,78.7092972493106,54,user14,1234
709.9734800444484,1053.0,0.674238822454367,148.6030167151482,147.2102846797896,66.7130918065615,6.57180839682871,54.93299620577929,79.072087555777,56,user14,1234
755.557009255718,1055.0,0.7161677812850408,149.50506277614926,150.41413156951938,66.35392321624333,6.8098246001061025,53.614590561067445,78.34816298189385,50,user14,1234
674.9397594462117,1109.0,0.608602127543924,149.06242083706908,144.06047958495586,66.08616426057733,6.57320973782954,54.75698122278938,78.36688315790319,57,user14,1234
754.3709351923033,1086.0,0.6946325370094873,151.34581403624998,152.8418491686811,67.2985744374351,7.0333175966564365,56.26408350551579,78.39807689849678,54,user14,1234
760.442894233743,1062.0,0.7160479230072909,148.16743379062387,150.4746368294074,66.13985767903843,6.592860316665849,55.28092567453385,78.08204880221254,54,user14,1234
701.1524251532795,1054.0,0.6652300048892595,149.49184808911826,151.23777473714404,67.56584707102537,6.28383376634821,56.83830288336639,79.2764363503071,56,user14,1234
777.0691992985637,1044.0,0.7443191564162488,150.8935866023582,152.54149465479168,66.95865343857541,6.8959065347688515,54.093588937652335,79.4275782510168,56,user14,1234
801.2147222653113,1064.0,0.7530213555125106,149.38991521185974,146.16472859117275,66.18611504104292,6.406436539656768,55.04415908551485,75.98654519286045,60,user14,1234
752.1361788282081,1086.0,0.6925747503022174,152.02619448745602,152.22994689500226,67.55841001209762,6.447291239907585,55.651959603415904,80.76424204469531,57,user14,1234
778.2554984591267,1049.0,0.7419022864243343,151.2224539195933,146.19706450058754,65.43866468707338,6.913002801804077,54.4824769619618,78.9923307148625,54,user14,1234
935.9286675849002,1102.0,0.8493000613293105,245.5304060394224,235.94572660878885,113.42327265231124,6.610010927984048,102.33040609738688,124.57996991710748,55,user15,1234
914.371310808779,1090.0,0.8388727622098889,246.97734036026287,243.5995917728895,112.79122164850402,6.601620692745104,101.37414123493129,125.7847733875596,46,user15,1234
991.3093635259722,1005.0,0.986377476145246,246.0723032896622,248.60676462771363,112.99455734275482,7.077175532176875,100.04072875962753,126.22702728505767,58,user15,1234
980.8534821304928,1062.0,0.9235908494637408,244.87785388141276,243.8438443489152,113.68005245000532,6.774517359454783,100.35928583030274,126.44590194651256,55,user15,1234
921.205152787442,1084.0,0.8498202516489318,245.2499554503023,244.62015151638752,115.08910080182524,6.553143589060457,102.07000134534589,125.5838451019458,51,user15,1234
882.7902097542867,1085.0,0.8136315297274532,237.16228783842007,233.01321660144535,112.9347279497657,6.333634810656503,102.23575383901616,123.83670469590264,50,user15,1234
956.9843456764878,1053.0,0.9088170424278136,241.68958104790468,245.9894182666072,113.2510526965308,7.40508267374462,100.04289468879908,126.62921905947978,54,user15,1234
907.3459867405838,1091.0,0.8316645158025516,246.3177186281793,239.23537652212573,111.75162905919296,6.071155868669,101.27062860272484,124.96193998901217,52,user15,1234
929.845620877744,1020.0,0.9116133538017096,235.50232255607193,240.49327271255453,113.51046707568936,6.474011167920844,100.42967286955272,123.26408991264717,50,user15,1234
888.2530198091487,1047.0,0.8483791975254524,242.63278396482343,235.5336285082361,114.13336432776798,6.205640886190818,102.16687617273948,126.41470339801572,48,user15,1234
929.2789508465668,1103.0,0.8425013153640679,241.4211155416229,241.35332193212295,113.77748945166046,6.764623049732353,99.9174490012836,124.86637064448922,55,user15,1234
982.8496299824792,1084.0,0.9066878505373424,239.5777711906718,243.74012226099788,113.47302674577878,6.647009802070734,101.5961026528632,125.87838981394592,57,user15,1234
819.3181987680995,1029.0,0.7962275984140909,184.62512748911232,187.5043940296734,86.54246028121868,6.23027990665965,75.3005685022639,99.80850592154545,58,user16,1234
753.0032343967716,1065.0,0.7070452905134006,190.27036207669468,190.0028630521278,87.90109176991166,5.702945983341293,74.92353556063081,99.28221235338218,48,user16,1234
757.7241190297642,1103.0,0.6869665630369576,181.1883185529075,192.75020972964936,87.12853758429779,5.743029830572395,76.52823033961766,98.9946572275842,48,user16,1234
826.2773263897262,1040.0,0.7944974292208906,193.3089358306541,191.6557147460387,89.18659883433611,6.479558804880725,76.58956880483179,100.14073846379864,52,user16,1234
815.6522255999481,1105.0,0.7381468104976906,188.0001193209496,194.078305974665,88.70910842816969,6.079022089131026,75.41664045422617,100.07505594960948,56,user16,1234
756.1167386819199,1026.0,0.7369558856548927,186.19640959591692,188.98131246759664,88.02552262826963,5.70744020076858,75.53334511785103,98.34661015462116,51,user16,1234
771.9430232580223,1043.0,0.7401179513499735,188.9447672227206,188.10923006686787,87.56246366401503,5.9738610689133855,75.72166031347535,98.03875038558056,53,user16,1234
807.1126429460946,1050.0,0.7686787075677092,191.35089758468143,188.9636059703372,87.18550443021321,6.191242097922927,75.70679052358142,99.57190269266326,53,user16,1234
777.5324440435643,1061.0,0.7328298247347449,182.0543566335553,193.53790205371436,88.42971964882547,6.154281354388141,77.0322548124618,99.35015178982196,58,user16,1234
766.6808184729944,1003.0,0.7643876555064749,194.5908791882905,183.9582511468928,87.5234657986304,6.123692899931732,75.18848594102744,100.50356142221328,49,user16,1234
815.2608261292992,1064.0,0.7662225809485894,192.10096374712657,193.39655999967297,89.20947713463843,6.4223319228479,76.37889239987919,98.97549488310632,54,user16,1234
809.679164638767,1051.0,0.7703893098370761,186.72892283256277,190.3070104965602,87.21766934245206,6.32735535328395,76.41679509766051,99.00604318875932,58,user16,1234
1175.63865986943,1059.0,1.1101403775915295,249.57936649219636,247.96616204115975,110.5192606812152,9.863806758632144,93.3926127272128,130.14231705248136,56,user17,1234
1072.760375154795,1079.0,0.9942172151573632,237.80077810940196,236.86356027719395,110.67351310860072,9.25163068965009,93.77593127122456,129.00689813752987,56,user17,1234
1194.8839296468866,1057.0,1.130448372419003,257.3537689629734,241.61404555308823,111.81668637268906,10.296086236186849,91.597146196569,130.57357561025913,56,user17,1234
1152.3393023089234,1072.0,1.074943379019518,251.83717357414565,251.78384337695672,113.5097478727406,10.83016634307578,94.64480194002503,130.63297606418365,59,user17,1234
1211.156788722756,1077.0,1.124565263438028,252.34724046623867,243.59757230287823,110.62022082426986,10.94580756859353,92.21189972138212,128.58630620445666,58,user17,1234
1229.988331417858,1041.0,1.1815449869527934,252.1007524069306,243.8824799006757,112.75795881412762,11.04400514327455,92.41687795907325,129.20179483453038,57,user17,1234
1178.4206147516472,1049.0,1.123375228552571,243.0629529659733,245.14486644320257,110.92928223678076,10.467838167026146,91.33112124739752,129.56660861698728,56,user17,1234
1161.920493498383,1005.0,1.156139794525754,250.49239329671423,236.15520657593092,110.13611477529022,10.841865104002888,91.86572723741564,131.23364901654452,59,user17,1234
1107.9006717752468,1062.0,1.0432209715397804,245.07161282663864,236.54689343122385,110.0447444953591,9.410672167895871,92.10087305432484,128.92503803414124,53,user17,1234
1143.282122449092,1082.0,1.0566378211174603,253.7079269263398,247.24266729820195,112.10812967293302,10.403591907032151,91.68755323407969,128.0879265739332,56,user17,1234
1233.0730858970428,1062.0,1.1610857682646354,249.63002834545864,255.3527784898004,109.04666412071596,11.39400099575328,90.05540396921003,128.57319659013976,61,user17,1234
1216.722849118181,1088.0,1.1183114422042109,246.2450128984143,236.08829610911752,111.81604227027304,10.70355492974624,91.17689683264668,131.26960297045338,57,user17,1234
885.3108356525155,1087.0,0.8144533906646877,198.48941258279692,200.18876203357607,90.2166439870111,7.067977316816852,77.29325048423362,105.1176454635978,57,user18,1234
836.7538472182777,1081.0,0.774055362829119,195.72098255704785,201.8389342741127,90.23905622279592,6.86632338844433,78.6469421140773,103.91509898126024,57,user18,1234
916.1613747243794,1091.0,0.8397446147794495,201.57380016890775,202.5579017088131,91.81618535499705,7.023606788230369,78.84580916834445,104.63049526641974,59,user18,1234
853.5995540233994,1052.0,0.8114064201743341,196.2181425530917,197.88906614070265,90.7854256276386,7.0422124354796924,78.39298231883748,102.88753204186004,55,user18,1234
964.1028911048066,1085.0,0.8885740931841536,201.91786525014152,201.9714467024881,91.39272382289018,7.365773358255859,78.95981233066574,105.05316692897672,62,user18,1234
916.70038048643,1038.0,0.8831410216632273,200.8462091062445,203.11092464037193,92.9155449248093,7.229589513054164,77.55207264085148,104.39436614246227,49,user18,1234
937.8954792607616,1055.0,0.8890004542756033,203.33990982696628,197.67960004436247,91.05234768157304,7.526224080476592,78.3243859444052,104.40368071271314,57,user18,1234
875.0227759236235,1036.0,0.8446165790768566,195.6326604201128,207.7009090198905,92.78497306195584,7.9128172352981565,78.5039001966853,106.21340524258002,50,user18,1234
883.7960053338502,1039.0,0.8506217568179502,209.6352774936404,198.8652629392288,93.66963047415456,7.144724694290915,79.1570874153961,106.6823217464568,60,user18,1234
877.7501518263354,1052.0,0.834363262192334,197.16577982502432,209.53026059001067,92.6539692978854,7.658171107303751,77.9272073701755,106.00959057083176,50,user18,1234
871.0982758965371,1044.0,0.834385321739978,200.38217205447887,195.57140794817485,91.41420507559798,7.105738896795613,80.36597417999684,104.61683291462072,55,user18,1234
893.6911191344656,1029.0,0.868504488954777,206.42299006187991,195.74519599615647,92.31959885927424,7.612720655995856,77.54830812583998,105.03741850000644,60,user18,1234
975.4427403399166,1083.0,0.900685817488381,186.2016966981407,192.39885935473583,83.34618012054484,8.474540968612542,67.71417739767087,98.39418108230312,51,user19,1234
943.4016483299304,1080.0,0.8735200447499356,189.00967821006452,190.48309325726913,83.72345602368802,8.651252525229577,67.35834959986461,100.05463162850498,54,user19,1234
955.6585338806924,1075.0,0.8889846826797139,187.95277610591285,189.13968996804303,83.84160465701825,8.13362998230123,68.29814036425745,98.04626253837036,60,user19,1234
909.972506223653,1099.0,0.8280004606220682,182.36595717063915,183.24716954649057,85.5131408844723,7.948556948190888,67.57170520309889,98.8029671353278,58,user19,1234
1031.8411505764914,1093.0,0.9440449685054816,187.3127800581974,198.71325232700983,83.63309538330986,9.56536011358537,67.91809789052101,100.25304709920464,54,user19,1234
936.46001688224,1096.0,0.8544343219728467,188.86634467353872,185.682740426228,84.00745367184282,9.38412689163078,68.82183427574833,101.72547620975948,54,user19,1234
961.0884483704538,1095.0,0.8777063455437933,183.89623845757228,190.4916595031936,83.29704998965343,9.07925920331311,66.93783573102112,98.95825998635488,55,user19,1234
923.131472615029,1018.0,0.90680891219551,185.11536580753935,186.3556325237478,82.77130109711003,9.097600571198733,67.12050978425641,98.67157749094046,59,user19,1234
879.2766269379264,1019.0,0.8628818713816746,183.50715833800257,181.75301119976857,83.84164132588757,8.48364529438956,69.07042368745233,100.33384443972534,57,user19,1234
891.4735572353662,1040.0,0.8571861127263137,189.2443728237314,187.57171888229692,84.40416883287809,8.770169868084562,68.89220912815864,99.78197680799236,57,user19,1234
973.802779013028,1006.0,0.9679948101521152,197.17864163203197,197.50386226700712,85.80777923152397,9.60668736469107,67.30167021874223,101.32873040822696,53,user19,1234
984.0150202395372,1072.0,0.9179244591786728,182.0470070186099,174.811094601706,81.59697395265066,8.726865452015048,67.40973648494634,100.74684541008334,58,user19,1234
660.5321760577195,1050.0,0.6290782629121139,166.97792515636445,171.85160653731202,79.74411686926607,4.970875500770532,69.66820016564255,89.43263923773128,49,user20,1234
638.4451733711053,1040.0,0.6138895897799089,165.05262229120152,172.36410350983095,79.0660337527648,4.0590911578316415,71.47351780727055,87.03799486899239,59,user20,1234
689.1410675869153,1068.0,0.6452631718978608,169.48550477057915,172.16179854652933,79.41157673591977,4.727673484363117,70.46089453849987,88.92618325481399,53,user20,1234
711.8860463221739,1086.0,0.6555120131880054,173.85660505615095,167.6545093283696,79.16828509664472,5.334876058322247,69.25720208638492,89.6968194237297,59,user20,1234
678.1043869918533,1079.0,0.6284563364150633,170.0306542181488,168.86193835947643,79.71402548540985,4.927782027626859,70.11859146669154,87.9616838648953,49,user20,1234
667.3258718143692,1060.0,0.6295527092588389,169.10768474377954,165.49234262577895,78.36115602591457,5.25553613526205,69.16260889820491,88.69182742008702,51,user20,1234
648.420639828351,1117.0,0.5805019156923464,169.9078750181381,172.33002935334537,79.7437762335538,4.706796262315427,69.98875139672707,88.76394083437297,49,user20,1234
676.2779257185508,1059.0,0.6386004964292264,171.6019681421077,165.84589112763092,79.68138416710492,4.7232395181620035,70.98420059501518,88.6095690687888,50,user20,1234
691.8072224191172,1072.0,0.6453425582267884,169.8972108184771,170.90965859011732,79.88535705457792,5.50557931497702,70.50278262450108,89.35714795473113,56,user20,1234
642.124078172984,1061.0,0.6052064827266579,171.78344682191255,168.58920309879943,79.6793256743289,4.737958987544098,70.68773995146886,89.33062650120603,53,user20,1234
741.6314843656304,1007.0,0.736476151306485,172.59314288275763,172.62046852145556,79.46772792204065,5.345280970164472,69.90164373972272,88.01788526046222,56,user20,1234
707.1218167800416,1084.0,0.6523263992435808,169.511597654781,167.87139871066432,79.93870419955825,5.289756082294272,70.05637907815769,88.41494181041102,53,user20,1234
769.9493540364292,1062.0,0.7249993917480501,212.54699124058507,215.78067276696652,101.39226816951428,5.011739433222895,91.90477714156847,110.27340031195226,53,user21,1234
847.346956049591,1071.0,0.7911736284309906,210.5392907833221,219.50663422865537,101.43934495772702,5.8972015744818895,91.0799746524343,111.59481976865298,57,user21,1234
833.0058534010344,1091.0,0.7635250718616264,212.4385188373053,215.56305734680095,100.36494019760585,5.832578061657899,90.67627238475887,111.87279699894272,57,user21,1234
805.2726817480311,1018.0,0.7910340685147653,212.4648755307261,213.7136152273099,101.80279361048946,5.285140606628764,91.47468282115965,110.99869108833715,44,user21,1234
779.7995444507727,1050.0,0.7426662328102597,218.44071490231812,219.9046259684692,102.11233213850475,5.715474547777457,90.50282525300702,110.8213286854005,51,user21,1234
804.4413621923457,1110.0,0.7247219479210322,215.26760106984528,216.20237794286984,100.7770560607853,5.197092445636807,92.65340386907492,110.68248919888224,51,user21,1234
864.3471959865249,1097.0,0.7879190483012989,213.44605093634584,219.9697998705725,100.99043280400409,6.043526872219803,90.07670892841335,111.84206754592697,53,user21,1234
782.5568020402887,1095.0,0.7146637461555149,215.31199618037425,208.9715931311446,100.86828422868938,5.046148131782413,91.74547089190716,110.74571095223612,50,user21,1234
803.4753462173139,1042.0,0.7710895837018368,215.06269583387132,214.41598289202113,102.65290401654076,5.146912553641464,92.0096570140896,112.10666529708826,51,user21,1234
793.7175961594064,1057.0,0.7509154173693533,212.4691189056299,212.2782321887848,101.33909562541096,5.218275118347926,92.3762610903044,110.74145976292534,49,user21,1234
816.3877197458128,1038.0,0.7865006933967368,215.8727039537759,215.18328516191823,102.40552436660502,5.478934516934034,91.26213735059622,111.9215606630876,45,user21,1234
852.3348573660044,1048.0,0.81329661962405,221.05971991440572,207.62698829575092,101.56569804447756,5.9333938628359695,91.2989268570314,110.96097578872032,51,user21,1234
911.1239729753456,1050.0,0.8677371171193768,218.157290930034,209.0725949291146,99.82285366890277,7.279784584160131,85.31840261540246,114.27160277606394,59,user22,1234
914.4476116434676,1066.0,0.8578307801533468,218.48756268049704,216.3461202660324,99.3218489956042,7.554381361154448,86.63179889449113,112.7974583014516,51,user22,1234
856.9990133386124,1034.0,0.8288191618361822,218.21633663188388,211.46073074796615,99.24122103761616,6.646510983681665,87.7388470919597,113.48872306656068,48,user22,1234
910.0536617386672,1086.0,0.8379867971810933,216.8379815846883,213.77839617789695,100.06844350029814,7.534055791322423,86.02272793529067,112.50862245656148,55,user22,1234
934.3986587813696,1089.0,0.8580336627928096,214.82255524954957,214.16381069424352,100.62194406254925,7.214857699865664,87.20199101533875,111.89668071256156,51,user22,1234
982.5342540441528,1084.0,0.9063969133248644,222.59733909936503,214.03797847814332,99.43928612517196,7.747625753979357,84.84197795781039,114.09523929632589,60,user22,1234
917.864688050256,1040.0,0.882562200048323,219.1637331589905,219.4191122140576,99.6445765727782,8.256521811618065,86.53621233038068,112.81825966546572,54,user22,1234
906.0801672210896,1024.0,0.8848439133018453,218.91885149036625,209.46502131496072,99.6041085378079,7.6979134325522995,88.07581206153844,112.12868272587208,56,user22,1234
955.784862050614,1056.0,0.9050993011842936,218.3364994483455,217.41100982554607,100.60633862367344,7.539166171796751,86.80148139314268,112.66272425522656,51,user22,1234
864.3085544779032,1070.0,0.8077650041849562,212.84626859292092,216.9038508553544,99.89250453602476,6.80296780459243,87.94883172635568,112.02338126407643,51,user22,1234
900.731291440813,1049.0,0.8586570938425291,219.3431834066309,207.0833104934407,100.12703156783708,7.604063338576555,85.73725832618433,111.96871099429136,54,user22,1234
937.2700101104872,1032.0,0.9082073741380688,221.94714693995283,220.20726938722677,99.18143586595978,8.240138231150787,84.48606361976167,112.59463411078522,57,user22,1234
772.1248990568442,1008.0,0.7659969236675042,183.72155140647044,188.901534301256,87.60494437400939,5.1251929442537705,79.2143489724193,99.19550909729011,62,user23,1234
783.5533832226324,1009.0,0.7765643044822917,185.48540634740553,194.21034840431372,89.07728851742553,5.983632830199955,77.82647505857173,98.60499128900808,57,user23,1234
747.3644647655012,1050.0,0.7117756807290487,189.196945524536,192.66845123328335,89.73198716326044,5.395217213408063,78.3886386045915,100.01752270144098,56,user23,1234
738.4427262485299,1103.0,0.6694856992280416,192.4340561380282,188.6428488959099,88.77293148682148,5.285789855142829,77.96009624165899,98.36582479266536,52,user23,1234
730.8814982346704,1069.0,0.6837057981615252,183.51610232332757,190.21286817019345,86.80812683470371,5.291916231614449,77.05788397570095,96.77369490184856,52,user23,1234
793.2044198166767,1095.0,0.7243875980060974,188.72157714506767,194.4676711507487,87.96491432883406,5.81975731764603,74.91627085562598,100.22772533421504,58,user23,1234
729.5640952370247,1123.0,0.6496563626331476,187.58724439673267,193.55668641240857,87.24794689336781,5.308501861680609,77.58856306085501,97.59155076058762,50,user23,1234
813.8161881906964,996.0,0.8170845262958799,191.53863067789624,190.27369493298485,88.32403691414429,6.283733107976412,75.8412717088205,99.8681905279482,51,user23,1234
732.2597994123158,1105.0,0.6626785515043582,193.7442861584762,193.45842183895692,88.58178139042838,5.385690642127185,78.82822746455307,97.81590911775622,53,user23,1234
760.2164338591124,1103.0,0.6892261413047256,188.5430161475793,189.4268119428045,87.88425142278408,5.47615610590712,76.74876459782118,97.60356785310248,54,user23,1234
807.8653576334615,1085.0,0.744576366482453,191.97064286455483,190.45638458895732,88.94026815715152,5.545726802691727,75.990477092517,97.68289765850824,55,user23,1234
768.1705731673287,1011.0,0.7598126341912252,184.69931299642633,185.64291590327747,87.32653490491063,5.767729128058689,76.72665465834828,98.84573940303513,55,user23,1234
1207.7570966048584,1066.0,1.132980390811312,246.7061414117108,232.4638259392712,110.7544626913534,11.587713881067112,88.72541825482365,129.70058694716158,56,user24,1234
1300.6008218219235,1084.0,1.1998162562932877,251.318905408952,247.0064348940923,108.5224248655929,12.32709037228628,86.80575806288654,129.9374196970261,58,user24,1234
1252.9036019546056,1035.0,1.210534881115561,248.01452061505617,243.8639564567718,108.5943515753444,11.86996329672874,87.89736440396064,130.1325194952932,52,user24,1234
1323.54376704569,1062.0,1.2462747335646798,246.50082763268327,235.9107387578722,108.07933627895642,13.58191525923561,84.88080769499776,131.80155199886093,59,user24,1234
1293.223011227258,1064.0,1.215435160927874,245.0551799627818,245.74578399902913,106.94081216667196,12.923332098771551,84.84573166453262,132.88500170955757,48,user24,1234
1308.5547115012469,1011.0,1.2943172220586023,246.50564704497705,254.5762904970331,109.26752849510788,13.129183709238887,86.34321649311515,131.32748836813613,57,user24,1234
1336.5992181090105,1041.0,1.283956981853036,246.79339265186,242.0361239323701,108.23168558818722,12.285700764360454,87.33491172283138,130.06510007983226,56,user24,1234
1252.968456036409,1040.0,1.20477736157347,242.63261434183067,247.2976948019872,108.79944061154777,12.16474133415002,87.91200635530112,131.0004482489503,57,user24,1234
1303.0712988548055,1021.0,1.2762696364885462,252.60797559314835,247.8770188496831,107.92261605048708,12.2039007775658,86.2299997862235,127.90602526532012,57,user24,1234
1283.88697971359,1089.0,1.17895957733112,250.46120528110225,241.6911688428282,108.37963701024384,11.982455962352708,84.64267681353773,133.50336872973747,56,user24,1234
1206.7088613795204,1061.0,1.137331631837437,249.15360906149317,243.20378623541467,109.20225791127427,12.118433051544722,88.7955433821489,130.00890707911805,52,user24,1234
1384.4221406977422,1050.0,1.3184972768549923,236.24244484066827,256.26128856122284,109.56784298259012,12.385354699182477,84.68951100775087,130.69231451806257,57,user24,1234
1057.9957813647088,1092.0,0.9688606056453376,256.10570917115984,245.8916330524087,112.09626116454012,9.16857446236756,94.2474042591742,129.51517136512228,54,user25,1234
1081.5027003284324,1071.0,1.0098064428836904,251.1826748200344,244.2532375140994,113.57445039240552,8.752960113581747,96.27607739447718,128.26237403381268,56,user25,1234
1077.7411693825582,1070.0,1.0072347377407085,242.5357277797988,233.2318022142189,112.0139682713565,8.929827525780544,97.5718246755902,130.40649878371696,59,user25,1234
1092.3181843572124,1027.0,1.0636009584782984,248.76494081253355,249.9585281612308,114.45157000069854,9.056793573344748,94.14287060275971,130.81719354231876,53,user25,1234
1073.5993044228946,1047.0,1.025405257328457,252.4920177682519,242.27467022164288,113.8882300979211,8.588789972224541,96.60951157416356,131.05205822791572,56,user25,1234
1077.492675402716,1079.0,0.998603035591025,246.28699787567825,243.26361517462328,111.88033657917694,9.070737870422056,97.09441743551524,129.6966412377592,56,user25,1234
1130.5983978394595,1033.0,1.0944805400188378,248.59830336791225,252.65452070442305,112.31469812659292,9.68476083744199,97.1369305555182,128.86275735289533,58,user25,1234
1033.161482224821,1038.0,0.9953386148601358,247.4333754362576,248.84969638284508,111.57067752873309,8.66346534092683,95.1601063903634,126.82704586484336,56,user25,1234
1010.9589296917987,1100.0,0.9190535724470896,244.47566363584585,249.33047358192024,113.1774024349446,8.931959217506835,95.58188004802868,129.98591458781524,54,user25,1234
1181.496475435424,1064.0,1.110429018266376,249.58006674431363,247.8977869889867,113.42275432373444,9.84934439773821,97.33795974476502,130.46854473784543,58,user25,1234
1030.2796458242678,1061.0,0.9710458490332402,235.8976427426368,251.28777180781495,112.83653936477936,8.949848681311979,96.49946501702236,130.62279088706254,54,user25,1234
1218.2226803074698,1084.0,1.123821660800249,255.47682674981587,243.75583338280072,110.66583455961732,9.814259851501651,95.22680782008533,128.16158790975248,56,user25,1234
1365.8583076143395,1099.0,1.242819206200491,245.6069030683796,231.0513203558449,105.41705881008926,13.045678653234113,84.58924020898897,127.98937854857128,56,user26,1234
1166.1449575532026,1079.0,1.080764557509919,228.60909285087325,236.76107540600356,103.73177527887314,10.18638581356566,84.31458049248764,124.05300242598248,55,user26,1234
1229.7356024582296,1049.0,1.1722932339925924,229.18838901956784,242.67169699653968,104.41799350567416,11.137359205898289,85.54610436900036,124.60640827465298,61,user26,1234
1279.1379420917308,1060.0,1.2067339076337082,241.9341090070872,240.59464203203152,104.54319399863638,11.737303348823335,85.68092591309875,124.72227658783824,56,user26,1234
1118.2140229134038,1038.0,1.077277478721969,242.43061567743877,228.51219909875857,103.58239716707944,10.59975345771816,85.3181756674399,126.83315783715412,51,user26,1234
1178.6183353027056,1094.0,1.0773476556697492,241.80913442516177,231.91200097468,105.79033948940264,10.566643605138394,83.91565432500515,124.19287595339242,59,user26,1234
1254.4367467701975,1044.0,1.2015677651055532,234.11100126256036,236.91633011689015,104.97081322326405,10.977414121552975,84.12028018958713,125.56644778386608,56,user26,1234
1367.2983731179424,1093.0,1.2509591702817406,239.3067901893852,244.45785566193257,103.60846515320064,11.958405372679463,83.45172806652262,123.85224567576802,56,user26,1234
1253.2923485214158,1054.0,1.1890819245933737,238.54027830257627,240.3179666186187,107.87618320427752,11.585188953192118,85.67108536175208,126.16639304185776,53,user26,1234
1253.2507588364274,1095.0,1.144521240946509,233.05673953545212,241.84474656498784,106.42388754342429,11.125605543310735,86.36873234308693,127.86637142227514,53,user26,1234
1216.8991680602464,1041.0,1.168971342997355,237.31559689185008,239.93329157350632,106.79283235229924,10.953604082968358,85.18555212073342,127.31910247084168,58,user26,1234
1195.729610268759,1067.0,1.120646307655819,243.81455809693728,244.2195352102761,105.08221525517727,12.029596065615124,84.3490169778536,127.40172346110762,54,user26,1234
613.1365577499987,1018.0,0.6022952433693504,145.52605905407083,149.35417487301504,68.25938351030898,5.199133534085049,57.29821960225936,79.18921118299096,51,user27,1234
683.8203356202368,1035.0,0.6606959764446733,155.0185232112554,149.01932256057512,67.16717081197113,6.093663618689294,56.487570769078,79.74777310911023,59,user27,1234
723.9576473755673,1061.0,0.6823352001654733,152.28179272074806,149.25765630909723,69.04753652975349,5.98663616903497,57.51803204357122,81.18749856171331,58,user27,1234
702.7618544294866,1092.0,0.6435548117486141,151.3574680697148,150.88768927750317,68.39850096588734,6.494903533837464,57.52114112694106,79.61666453562016,56,user27,1234
761.5675712761451,1040.0,0.7322765108424473,152.82805199603982,151.08246513015487,67.67752025814568,6.493057176110611,55.83234095231469,79.21471010080609,63,user27,1234
728.8354060762393,1103.0,0.6607755268143602,145.93853099690173,152.77248827424495,67.80336899478624,6.7978964571107765,55.27922440125682,79.28959024775702,58,user27,1234
710.9982237835285,1048.0,0.6784334196407714,154.57426100893133,154.17565026639238,68.95993888755548,6.163374215347141,56.142374476358555,79.74838773182498,56,user27,1234
679.3769069563624,1016.0,0.6686780580279158,150.76032643980164,151.17428562811347,68.87352255478052,5.86323409307146,57.706553753236456,81.02384412726529,59,user27,1234
713.4706283686714,1004.0,0.7106281159050513,148.3845806318889,150.05246852923608,69.92891638150763,6.014858137932432,58.59077127209983,81.03003627289779,55,user27,1234
696.8892149681346,1096.0,0.6358478238760352,151.95275916704088,154.55503992508292,68.74560838945912,6.159206931259478,56.4312292068365,79.25046016281982,56,user27,1234
698.5524733761968,1070.0,0.6528527788562587,147.8860232345886,151.17252188182113,68.68329139493522,6.678288045416485,57.41404316205664,81.96324810965424,59,user27,1234
723.0344168082037,1060.0,0.6821079403850978,155.86883601928247,149.01527151886083,67.70063715079611,6.018308478699558,57.477367073767965,81.54463066495555,60,user27,1234
741.8727973839818,1040.0,0.7133392282538287,148.84631651881216,153.59494112950824,68.79908696444527,7.038188195750791,57.093046104391206,82.32915522504119,57,user28,1234
738.3882666203522,1078.0,0.6849612862897515,152.93139150949287,150.7279797985022,70.23706631262294,6.857562938864543,57.76503676095548,81.74303046503903,60,user28,1234
780.5519307121194,1045.0,0.7469396466144683,155.33861898857276,152.87083113787222,69.07332803650887,7.119109129193416,58.30600587335304,82.18687318394858,55,user28,1234
738.587184879693,1094.0,0.6751253975134306,151.04188076106504,154.27249297216042,68.37108045672863,6.728034662283292,58.19592961402878,81.3471556039763,60,user28,1234
731.1041034324406,1038.0,0.7043392133260508,158.385537335295,149.5358077633927,68.82465662925452,6.555787917360477,56.29558277528227,81.60095432861158,50,user28,1234
769.5906496351221,1061.0,0.7253446273658078,159.81426274052575,159.13103380055804,68.38316136367106,6.559126947701785,57.66420619857136,82.04697470488264,52,user28,1234
765.4718133031154,1033.0,0.7410182122973044,154.32389242891452,158.31165419983842,69.83736460821211,6.9090741015537365,58.029625241784885,81.42690581905245,59,user28,1234
805.2679155082966,1070.0,0.7525868369236417,159.68817996777818,155.62643779661755,71.57260182433832,7.001271279674435,57.32923792318109,82.23014419275678,57,user28,1234
713.8151854379865,1045.0,0.6830767324765421,148.4783731694042,150.33876346630674,69.33895519155269,6.220270380944309,58.21349683263484,81.45762919498006,57,user28,1234
793.3134950428325,1060.0,0.7484089575875779,153.85399061787805,155.8243363402977,71.10502041888785,6.751479443869761,59.2403215048162,81.6413076629804,57,user28,1234
773.5770302220631,1076.0,0.7189377604294266,156.0289164756964,155.37997994797297,70.10829369789545,7.042426473829236,57.952837817404,81.44177039903431,54,user28,1234
716.7235121552667,1055.0,0.6793587792940916,157.9617799833567,151.1954865645117,69.92622177945742,6.500692531371685,57.735862388603586,81.64921107761802,50,user28,1234
784.9130244097962,1080.0,0.7267713188979594,220.273718167724,227.0894960474116,104.54896309279498,4.394667127188762,98.03930397605096,114.66493488311114,46,user29,1234
870.4297295764399,1054.0,0.825834658042163,225.76549605435,219.99213558303697,106.03369459529073,5.4844415595769345,95.3872215993694,117.4565909642505,49,user29,1234
841.9153938125866,1054.0,0.7987812085508411,222.95455158783105,221.89384855781793,105.92472188753904,5.071382904525115,96.28364004815302,115.39511492713744,51,user29,1234
790.8601504421324,1032.0,0.7663373550795857,214.02828290839795,216.43578162549903,105.4621583444576,4.60670354934863,95.41136573019752,116.0537634922018,41,user29,1234
822.6029976048079,1112.0,0.7397508971266258,221.46826110096617,227.63189819369387,105.0149924345346,5.228809970382839,94.71358309401027,114.77294715564288,49,user29,1234
789.4234888803986,1060.0,0.7447391404532062,220.54481022646485,223.17928539479792,106.56474160327495,4.7847657507834125,97.0367476858392,115.3315230809573,53,user29,1234
830.2328258496962,1042.0,0.7967685468807065,218.36886263614764,220.9100609874622,105.41258199128828,5.1030380073143995,94.71607496663012,116.01996282623928,54,user29,1234
782.3766910130149,1066.0,0.7339368583611772,224.70654200965737,224.24950535823012,106.28477902836428,4.223914633605057,97.14397423709764,116.27122732959452,41,user29,1234
806.4748062732979,1058.0,0.762263521997446,217.9136204198083,217.8245755973521,105.58633356253918,5.219486413504581,97.31960497995314,116.43653377366118,46,user29,1234
813.7259227115587,1111.0,0.7324265730977126,224.2792443891969,221.43785754707233,105.35152207953384,4.463992484197505,95.53919389732258,114.87004426202222,47,user29,1234
818.0793415486677,1088.0,0.7519111595116431,218.86416095241572,221.9835993640183,105.14743831159352,4.8826193225539445,95.87662579427312,114.4816611166108,54,user29,1234
780.7867894733319,1096.0,0.712396705723843,218.45670430238363,217.6370667159547,104.7205590654923,4.574369610656608,95.34044967382866,114.7764579646134,52,user29,1234
822.6701818707968,1044.0,0.7879982584969318,216.64895507886388,210.98606652877825,99.25493970614248,6.482621655416944,86.27758352525639,112.00031363847938,45,user30,1234
881.7056578060567,1038.0,0.8494274159981279,215.41698034328135,216.2188868965383,99.55350812787604,6.294668501217297,88.16174324503118,111.90373264726064,58,user30,1234
925.7956706326796,1030.0,0.8988307481870675,215.18527623692705,212.63512058365217,99.68346484486727,7.123995449282999,87.81976689192997,112.48102229025866,55,user30,1234
940.9604229065724,1067.0,0.8818748105966001,213.94479428876645,216.82639554056792,99.72426778168884,7.048350185789674,87.34746371014582,112.2091022423462,57,user30,1234
840.8852712515582,1087.0,0.7735835062111851,209.3987468705349,214.21685300018672,97.47206501684826,6.145778996044935,87.76057752586503,111.12128990344956,51,user30,1234
835.276082715499,1036.0,0.8062510450921805,213.65241178167588,219.97953066716423,99.48994075528518,6.3007549410476,87.66247398265106,112.01341524942023,51,user30,1234
809.2764976270864,1097.0,0.7377178647466603,205.0174547587553,212.67558700594412,98.6839366260131,5.914658723486022,87.56749705797957,111.1401365544652,50,user30,1234
842.5806093459189,1110.0,0.7590816300413684,214.67044832570107,213.5036229765081,100.74761379128137,6.6948743841459315,88.17430624886082,112.61644938996328,49,user30,1234
846.6463626765677,1076.0,0.7868460619670704,217.16817668684575,213.0704632752319,98.60650449756568,6.367495212938445,86.00472297528692,110.8263362661909,55,user30,1234
882.3031356711095,1101.0,0.8013652458411531,220.02674257544123,217.04017415125995,101.22454666562518,6.166532590123979,88.68424818911872,112.35096845195498,51,user30,1234
910.4865647238612,1050.0,0.8671300616417725,213.4499216155051,211.35685988666256,98.47791276468462,6.509697103013323,87.93552277328737,111.68599014167698,62,user30,1234
826.7271892319716,1067.0,0.7748146103392424,213.6000369402996,208.83027150599253,99.3270015909329,6.032053623488437,87.55694834661429,111.11840800902029,47,user30,1234
733.3995105923929,2633.0,0.2785414016682084,244.0,206.0,109.47137595675903,17.073211984794813,83.87640568190652,133.58064359355154,5,rochak,rkj
733.0139795056905,2103.0,0.3485563383289065,236.0,208.0,106.10577119648669,22.0191197431632,69.60056594524126,133.6967798558825,5,rochak,rkj
637.4429063490594,2416.0,0.2638422625616968,178.0,216.0,93.26169402867612,18.774920522831252,66.09995780134851,128.93999868900173,18,rochak,rkj
747.7276536483237,2383.0,0.3137757673723557,225.0,233.0,107.77746919469496,25.96470132566,80.36524355367618,156.3993420370543,16,rochak,rkj
724.1541400640197,2348.9999999999964,0.3082818816790212,222.0,212.0,111.02108174146932,15.09120321213202,88.78707993065714,141.0370821440664,7,rochak,rkj
765.5498517180607,2450.0,0.3124693272318615,237.0,236.0,114.27674076979228,20.629731381302292,88.95638124777763,148.7708153341791,11,rochak,rkj
729.0358534336627,2716.9999999999927,0.2683238326954967,204.0,248.0,104.5296602776911,27.816796731802356,71.15335755509477,154.0757678119666,10,rochak,rkj
125.14497613118247,1883.0,0.0664604227993534,34.0,35.0,16.335242365819543,3.4595322927674923,10.331611237065236,23.434828148413835,39,rohan,rh
112.2416885767,1868.0,0.0600865570539079,29.0,30.0,14.339321683246446,2.60511148620949,8.699620164320978,19.14744284425595,57,rohan,rh
126.40231033534046,1948.0000000000036,0.0648882496587988,35.0,34.0,16.693436413390227,3.1916535244495297,12.366988321654103,23.715057212865155,40,rohan,rh
125.12803809407266,1999.0,0.062595316705389,34.0,33.0,16.494894738376516,2.0767976959312717,13.319542010114407,22.000746370717433,55,rohan,rh
116.63180560322076,1550.0,0.0752463261956263,30.0,33.0,16.549890265523274,2.05117503309962,12.23075890591561,20.695380655784156,22,rohan,rh
113.6268887951292,2033.0,0.0558912389548102,25.0,35.0,15.110038794517704,2.897563366317546,11.436958633478955,21.410019347125456,57,rohan,rh
648.6647998515068,2531.9999999999927,0.25618672979917406,197.0,198.0,97.91807424742014,13.18134769620568,76.98717560792583,118.61696265195492,6,rochak,rkj
